{"stats":{"minecraft:custom":{"minecraft:jump":29,"minecraft:time_since_rest":4944,"minecraft:leave_game":1,"minecraft:crouch_one_cm":232,"minecraft:sprint_one_cm":2429,"minecraft:play_time":4944,"minecraft:time_since_death":4944,"minecraft:walk_one_cm":2865,"minecraft:sneak_time":51,"minecraft:total_world_time":4944,"minecraft:fall_one_cm":1045,"minecraft:fly_one_cm":4107},"minecraft:picked_up":{"minecraft:oak_log":7,"minecraft:apple":10,"minecraft:oak_sapling":1,"twigs:twig":2,"delightful:acorn":1},"minecraft:mined":{"minecraft:oak_log":7}},"DataVersion":3465}