{"stats":{"minecraft:mined":{"corn_delight:wild_corn":5,"minecraft:iron_ore":29,"minecraft:torch":1,"minecraft:crafting_table":1,"minecraft:grass":150,"minecraft:coal_ore":143,"minecraft:oak_log":46,"quark:limestone":2,"minecraft:dirt":5,"minecraft:tall_grass":26,"minecraft:cobblestone":7,"minecraft:stone":122,"minecraft:wall_torch":1},"minecraft:broken":{"minecraft:stone_pickaxe":1,"minecraft:wooden_pickaxe":1},"minecraft:used":{"quark:limestone":2,"minecraft:stone_sword":70,"minecraft:apple":17,"pneumaticcraft:compressed_iron_boots":1,"minecraft:stone_pickaxe":244,"minecraft:wooden_pickaxe":59,"minecraft:torch":73,"minecraft:dirt":4,"minecraft:cobblestone":24,"minecraft:crafting_table":2},"minecraft:killed":{"eidolon:wraith":2,"minecraft:zombie":8,"eidolon:zombie_brute":1,"minecraft:spider":1},"minecraft:picked_up":{"occultism:datura_seeds":7,"minecraft:raw_iron":29,"minecraft:crafting_table":1,"sushigocrafting:rice_seeds":4,"croptopia:peach":30,"thermal:strawberry_seeds":1,"minecraft:torch":2,"sushigocrafting:cucumber_seeds":3,"minecraft:oak_log":46,"minecraft:carrot":1,"bhc:red_heart":1,"thermal:green_bean_seeds":2,"sushigocrafting:soy_seeds":1,"quark:limestone":2,"thermal:onion_seeds":1,"minecraft:string":2,"minecraft:dirt":5,"thermal:rice_seeds":1,"eidolon:tattered_cloth":1,"corn_delight:corn_seeds":5,"minecraft:bone":1,"sushigocrafting:wasabi_seeds":1,"minecraft:rotten_flesh":10,"minecraft:apple":38,"immersiveengineering:seed":23,"mysticalagriculture:inferium_essence":3,"minecraft:wheat_seeds":3,"delightful:acorn":3,"croptopia:orange":13,"thermal:eggplant_seeds":1,"minecraft:oak_sapling":15,"twigs:twig":12,"delightful:green_tea_leaf":1,"minecraft:coal":127,"minecraft:cobblestone":129},"minecraft:crafted":{"minecraft:oak_planks":16,"minecraft:crafting_table":1,"minecraft:stick":38,"minecraft:wooden_pickaxe":1,"minecraft:stone_pickaxe":2,"minecraft:stone_sword":1,"minecraft:torch":73,"minecraft:air":71},"minecraft:custom":{"minecraft:time_since_rest":34568,"lootr:looted_stat":3,"minecraft:sprint_one_cm":63850,"minecraft:damage_taken":460,"minecraft:walk_one_cm":63689,"minecraft:mob_kills":12,"minecraft:drop":2,"minecraft:damage_dealt":2661,"minecraft:interact_with_crafting_table":6,"minecraft:fly_one_cm":62794,"minecraft:crouch_one_cm":3364,"minecraft:play_time":34568,"tombstone:undead_killed":11,"minecraft:sneak_time":1899,"minecraft:damage_dealt_resisted":0,"minecraft:jump":483,"minecraft:leave_game":1,"minecraft:walk_on_water_one_cm":1107,"minecraft:time_since_death":34568,"minecraft:total_world_time":34568,"minecraft:fall_one_cm":12118},"minecraft:dropped":{"minecraft:rotten_flesh":7}},"DataVersion":3465}