{"stats":{"minecraft:used":{"minecraft:apple":1},"minecraft:mined":{"minecraft:grass":149,"minecraft:oak_log":32,"corn_delight:wild_corn":5,"minecraft:tall_grass":26},"minecraft:picked_up":{"thermal:rice_seeds":1,"occultism:datura_seeds":7,"sushigocrafting:wasabi_seeds":1,"corn_delight:corn_seeds":5,"sushigocrafting:rice_seeds":4,"croptopia:peach":16,"minecraft:apple":23,"immersiveengineering:seed":23,"thermal:strawberry_seeds":1,"minecraft:wheat_seeds":3,"sushigocrafting:cucumber_seeds":3,"delightful:acorn":3,"croptopia:orange":13,"thermal:eggplant_seeds":1,"minecraft:oak_log":32,"delightful:green_tea_leaf":1,"thermal:green_bean_seeds":2,"sushigocrafting:soy_seeds":1,"minecraft:oak_sapling":11,"twigs:twig":11,"thermal:onion_seeds":1},"minecraft:custom":{"minecraft:time_since_rest":10568,"minecraft:crouch_one_cm":232,"minecraft:sprint_one_cm":5880,"minecraft:play_time":10568,"minecraft:damage_taken":80,"minecraft:walk_one_cm":14102,"minecraft:sneak_time":51,"minecraft:jump":71,"minecraft:damage_dealt":26,"minecraft:leave_game":1,"minecraft:time_since_death":10568,"minecraft:total_world_time":10568,"minecraft:fall_one_cm":1730,"minecraft:fly_one_cm":9490}},"DataVersion":3465}