{"stats":{"minecraft:killed_by":{"minecraft:zombie":1},"minecraft:mined":{"corn_delight:wild_corn":5,"minecraft:crafting_table":1,"minecraft:torch":1,"minecraft:tall_grass":26,"minecraft:cobblestone":9,"minecraft:wall_torch":1,"minecraft:iron_ore":29,"minecraft:grass":150,"minecraft:oak_log":46,"minecraft:coal_ore":143,"minecraft:deepslate_iron_ore":9,"quark:limestone":2,"minecraft:dirt":5,"minecraft:stone":122},"minecraft:used":{"minecraft:stone_sword":95,"minecraft:stone_pickaxe":255,"minecraft:wooden_pickaxe":59,"minecraft:torch":77,"minecraft:dirt":4,"minecraft:crafting_table":2,"quark:limestone":2,"minecraft:oak_log":1,"minecraft:apple":23,"pneumaticcraft:compressed_iron_boots":1,"croptopia:peach":11,"minecraft:cobblestone":35},"minecraft:broken":{"minecraft:stone_pickaxe":1,"minecraft:wooden_pickaxe":1},"minecraft:killed":{"minecraft:spider":1,"minecraft:skeleton":3,"eidolon:wraith":2,"minecraft:zombie":11,"eidolon:zombie_brute":1},"minecraft:picked_up":{"occultism:datura_seeds":7,"minecraft:crafting_table":1,"sushigocrafting:rice_seeds":4,"croptopia:peach":30,"minecraft:oak_log":46,"sushigocrafting:soy_seeds":1,"quark:limestone":2,"minecraft:dirt":5,"minecraft:string":2,"bhc:red_heart":1,"sushigocrafting:wasabi_seeds":1,"minecraft:bone":5,"minecraft:apple":38,"minecraft:wheat_seeds":3,"mysticalagriculture:inferium_essence":5,"delightful:acorn":3,"twigs:twig":12,"delightful:green_tea_leaf":1,"minecraft:raw_iron":38,"thermal:strawberry_seeds":1,"minecraft:torch":2,"sushigocrafting:cucumber_seeds":3,"thermal:green_bean_seeds":2,"minecraft:carrot":1,"thermal:onion_seeds":1,"thermal:rice_seeds":1,"minecraft:bundle":1,"eidolon:tattered_cloth":1,"corn_delight:corn_seeds":5,"minecraft:arrow":2,"minecraft:rotten_flesh":12,"immersiveengineering:seed":23,"croptopia:orange":13,"thermal:eggplant_seeds":1,"minecraft:oak_sapling":15,"minecraft:coal":127,"minecraft:cobblestone":131},"minecraft:crafted":{"minecraft:oak_planks":16,"minecraft:crafting_table":1,"minecraft:wooden_pickaxe":1,"minecraft:air":71,"minecraft:stick":38,"minecraft:stone_pickaxe":2,"minecraft:stone_sword":1,"minecraft:torch":73},"minecraft:custom":{"lootr:looted_stat":4,"minecraft:mob_kills":18,"minecraft:interact_with_crafting_table":6,"minecraft:damage_dealt_resisted":0,"minecraft:leave_game":2,"minecraft:time_since_death":6988,"minecraft:time_since_rest":4923,"minecraft:sprint_one_cm":66934,"minecraft:damage_taken":1234,"minecraft:walk_one_cm":80334,"minecraft:drop":2,"minecraft:damage_dealt":3741,"minecraft:fly_one_cm":71499,"minecraft:crouch_one_cm":6348,"minecraft:play_time":46055,"tombstone:undead_killed":17,"minecraft:deaths":1,"minecraft:sneak_time":3589,"minecraft:jump":550,"minecraft:walk_on_water_one_cm":1107,"minecraft:total_world_time":46055,"minecraft:fall_one_cm":14321},"minecraft:dropped":{"minecraft:rotten_flesh":7}},"DataVersion":3465}