{"stats":{"minecraft:crafted":{"artifacts:eternal_steak":2,"minecraft:furnace":1,"minecraft:bow":1,"minecraft:stone_pickaxe":1,"minecraft:diamond_axe":1,"minecraft:crafting_table":1,"minecraft:bucket":5,"waystones:warp_stone":1,"crafting_on_a_stick:crafting_table":1,"minecraft:air":104,"minecraft:jungle_planks":4,"biomesoplenty:fir_planks":12,"minecraft:diamond_pickaxe":1,"naturescompass:naturescompass":1,"minecraft:stick":11,"minecraft:compass":1,"minecraft:iron_ingot":24,"minecraft:iron_pickaxe":1,"minecraft:stone_sword":1,"minecraft:torch":19},"minecraft:mined":{"minecraft:obsidian":2,"minecraft:cave_vines_plant":1,"minecraft:purple_terracotta":1,"minecraft:grass_block":16,"minecraft:spruce_leaves":64,"minecraft:moss_block":3,"minecraft:large_fern":1,"minecraft:spore_blossom":2,"minecraft:furnace":2,"minecraft:iron_ore":40,"minecraft:cobbled_deepslate":3,"minecraft:moss_carpet":1,"blue_skies:spider_webbing":3,"minecraft:deepslate_iron_ore":25,"minecraft:stone":62,"minecraft:white_tulip":3,"minecraft:clay":1,"minecraft:crafting_table":1,"minecraft:torch":17,"minecraft:rose_bush":1,"minecraft:tall_grass":18,"minecraft:cobblestone":2,"minecraft:sugar_cane":5,"ars_elemental:yellow_archwood_log":77,"minecraft:wall_torch":12,"minecraft:spruce_log":4,"biomesoplenty:fir_log":276,"minecraft:grass":44,"minecraft:coal_ore":154,"minecraft:oak_log":88,"biomesoplenty:fir_leaves":273,"minecraft:dirt":9,"minecraft:crimson_planks":9,"minecraft:cobweb":1,"minecraft:cracked_stone_bricks":2,"twigs:rhyolite":14,"minecraft:stone_bricks":2,"minecraft:oak_leaves":5,"minecraft:deepslate":34,"minecraft:fern":8},"minecraft:picked_up":{"irons_spellbooks:scroll":2,"pneumaticcraft:compressed_iron_leggings":2,"croptopia:peach":44,"minecraft:clay_ball":4,"ars_nouveau:pierce_arrow":26,"minecraft:enchanted_book":1,"pneumaticcraft:micromissiles":1,"tombstone:grave_key":1,"minecraft:crimson_planks":9,"railcraft:steel_ingot":2,"railcraft:steel_sword":1,"minecraft:string":1,"minecraft:moss_carpet":1,"gtceu:olivine_gem":5,"minecraft:purple_banner":2,"reliquary:chelicerae":1,"pneumaticcraft:compressed_stone":18,"minecraft:zombie_head":1,"minecraft:cracked_stone_bricks":2,"irons_spellbooks:arcane_essence":14,"mysticalagriculture:inferium_essence":11,"minecraft:cobbled_deepslate":18,"biomesoplenty:fir_planks":1,"delightful:acorn":4,"minecraft:light_weighted_pressure_plate":2,"minecraft:beef":3,"minecraft:white_tulip":3,"minecraft:sugar_cane":5,"farmersdelight:cabbage_seeds":7,"ars_elemental:flashpine_pod":6,"delightful:green_tea_leaf":7,"tombstone:tablet_of_assistance":1,"minecraft:chest":1,"minecraft:phantom_membrane":2,"minecraft:furnace":3,"minecraft:raw_iron":65,"botania:lexicon":1,"apotheosis:gem":3,"minecraft:copper_ingot":4,"minecraft:torch":32,"evilcraft:origins_of_darkness":1,"sophisticatedbackpacks:backpack":1,"pneumaticcraft:capacitor":7,"ars_nouveau:split_arrow":16,"minecraft:music_disc_11":1,"tombstone:grave_dust":3,"gtceu:purple_drink":6,"minecraft:redstone":3,"thermal:flax_seeds":1,"pneumaticcraft:pressure_tube":8,"tombstone:scroll_of_purification":1,"minecraft:purple_terracotta":1,"artifacts:everlasting_beef":1,"eidolon:tattered_cloth":1,"crafting_on_a_stick:crafting_table":2,"minecraft:arrow":14,"artifacts:cowboy_hat":1,"minecraft:rotten_flesh":52,"thermal:corn_seeds":1,"aether:chainmail_gloves":2,"artifacts:snowshoes":1,"farmersdelight:rope":36,"ars_nouveau:whirlisprig_shards":1,"mekanism:ingot_lead":2,"evilcraft:condensed_blood":31,"minecraft:obsidian":2,"minecraft:skeleton_skull":3,"minecraft:cobblestone":75,"minecraft:birch_log":1,"enderio:loot_capacitor":1,"occultism:datura_seeds":1,"minecraft:leather_chestplate":1,"minecraft:cooked_beef":8,"sushigocrafting:rice_seeds":1,"pneumaticcraft:gun_ammo_freezing":3,"minecraft:music_disc_stal":1,"biomesoplenty:fir_log":276,"gtceu:green_sapphire_gem":12,"biomesoplenty:fir_sapling":39,"twilightforest:arctic_chestplate":1,"ars_elemental:yellow_archwood_sapling":8,"minecraft:oak_log":88,"minecraft:gunpowder":2,"minecraft:dirt":23,"pneumaticcraft:pneumatic_cylinder":5,"bhc:red_heart":1,"alltheores:brass_ingot":1,"sushigocrafting:wasabi_seeds":1,"minecraft:bone":13,"silentgear:blaze_gold_nugget":7,"minecraft:apple":53,"minecraft:stone_bricks":2,"minecraft:bow":2,"minecraft:wheat_seeds":1,"minecraft:raw_gold":3,"minecraft:spore_blossom":2,"minecraft:iron_ingot":1,"enderio:wood_gear":1,"tombstone:bag_of_seeds":1,"pneumaticcraft:stop_worm":2,"twigs:twig":61,"minecraft:moss_block":3,"tombstone:scroll_of_frost_resistance":1,"minecraft:flowering_azalea":1,"productivebees:sugar_cane_nest":1,"irons_spellbooks:frozen_bone":3,"gtceu:silver_ingot":2,"pneumaticcraft:ingot_iron_compressed":17,"everythingcopper:copper_horse_armor":5,"minecraft:amethyst_shard":12,"twigs:azalea_flowers":2,"minecraft:spruce_sapling":5,"ars_elemental:yellow_archwood_log":77,"minecraft:spruce_log":4,"naturalist:duck_egg":1,"gtceu:steel_ingot":2,"ars_nouveau:wilden_horn":4,"minecraft:leather_helmet":1,"minecraft:bundle":1,"tombstone:familiar_stone":3,"immersiveengineering:seed":7,"tombstone:scroll_of_knowledge":1,"minecraft:chainmail_leggings":1,"minecraft:iron_helmet":3,"croptopia:orange":79,"minecraft:bread":2,"tombstone:magic_scroll":8,"minecraft:oak_sapling":31,"twigs:rhyolite":14,"minecraft:coal":133,"minecraft:ender_pearl":1},"minecraft:broken":{"minecraft:stone_sword":1,"minecraft:wooden_pickaxe":1,"minecraft:stone_pickaxe":1,"minecraft:wooden_axe":1,"aether:chainmail_gloves":1},"minecraft:dropped":{"farmersdelight:tomato_seeds":10,"naturescompass:naturescompass":1,"minecraft:enchanted_book":1,"minecraft:iron_ingot":1,"everythingcopper:copper_horse_armor":5,"occultism:datura_seeds":1,"minecraft:wheat_seeds":1,"ars_nouveau:pierce_arrow":26,"silentgear:blaze_gold_nugget":7,"minecraft:ender_pearl":1,"sushigocrafting:wasabi_seeds":1,"enderio:wood_gear":2,"evilcraft:condensed_blood":31,"enderio:loot_capacitor":1,"minecraft:cobblestone":11,"minecraft:iron_helmet":2,"croptopia:orange":1,"gtceu:steel_ingot":2,"tombstone:tablet_of_assistance":1,"pneumaticcraft:programming_puzzle":7,"thermal:corn_seeds":1,"pneumaticcraft:compressed_iron_leggings":2,"minecraft:cracked_stone_bricks":2,"minecraft:copper_ingot":4,"pneumaticcraft:compressed_stone":25,"pneumaticcraft:gun_ammo_freezing":2,"minecraft:leather_helmet":1,"minecraft:coal":13,"reliquary:chelicerae":1,"minecraft:light_weighted_pressure_plate":2,"pneumaticcraft:pressure_tube":24,"thermal:flax_seeds":1,"minecraft:music_disc_11":1,"irons_spellbooks:scroll":2,"tombstone:bag_of_seeds":1,"gtceu:olivine_gem":5,"tombstone:magic_scroll":6,"pneumaticcraft:stop_worm":2,"croptopia:peanut_seed":3,"irons_spellbooks:arcane_essence":16,"minecraft:amethyst_shard":12,"tombstone:scroll_of_frost_resistance":1,"thermal:peanut_seeds":1,"pneumaticcraft:compressed_iron_boots":1,"gtceu:purple_drink":6,"minecraft:string":5,"minecraft:birch_log":1,"minecraft:music_disc_stal":1,"ars_nouveau:wilden_horn":7,"twigs:twig":1,"ars_nouveau:wilden_wing":2,"minecraft:bone":4,"minecraft:redstone":3,"minecraft:white_tulip":3,"minecraft:furnace":1,"gtceu:silver_ingot":2,"pneumaticcraft:pneumatic_cylinder":7,"tombstone:familiar_stone":3,"ars_nouveau:whirlisprig_shards":1,"farmersdelight:cabbage_seeds":7,"minecraft:rotten_flesh":37,"minecraft:clay_ball":4,"tombstone:scroll_of_purification":1,"sushigocrafting:rice_seeds":1,"evilcraft:origins_of_darkness":1,"railcraft:steel_sword":1,"pneumaticcraft:ingot_iron_compressed":21,"minecraft:pumpkin_seeds":3,"railcraft:steel_ingot":2,"crafting_on_a_stick:crafting_table":2,"pneumaticcraft:micromissiles":1,"minecraft:gunpowder":11,"pneumaticcraft:capacitor":7,"forbidden_arcanus:splash_aureal_bottle":1,"botania:lexicon":1,"aether:chainmail_gloves":3,"mysticalagriculture:inferium_essence":2,"alltheores:brass_ingot":1,"apotheosis:gem":3,"minecraft:oak_sapling":2,"tombstone:scroll_of_knowledge":1,"farmersdelight:rope":57,"gtceu:green_sapphire_gem":12,"mekanism:ingot_lead":2,"minecraft:raw_gold":3,"ars_nouveau:split_arrow":16,"immersiveengineering:seed":7},"minecraft:custom":{"lootr:looted_stat":76,"minecraft:mob_kills":61,"minecraft:interact_with_crafting_table":1,"minecraft:open_barrel":11,"minecraft:damage_dealt_resisted":124,"minecraft:leave_game":1,"minecraft:time_since_death":226557,"minecraft:damage_resisted":0,"minecraft:climb_one_cm":7180,"minecraft:sprint_one_cm":264470,"minecraft:walk_one_cm":342504,"minecraft:drop":160,"minecraft:talked_to_villager":6,"minecraft:play_time":226557,"minecraft:sneak_time":8861,"minecraft:walk_under_water_one_cm":5135,"minecraft:jump":3270,"minecraft:interact_with_blast_furnace":1,"minecraft:walk_on_water_one_cm":15738,"minecraft:total_world_time":237362,"minecraft:interact_with_furnace":26,"tombstone:raider_killed":9,"minecraft:sleep_in_bed":6,"minecraft:time_since_rest":17880,"minecraft:waystone_activated":3,"minecraft:damage_taken":3654,"minecraft:damage_dealt":15539,"minecraft:crouch_one_cm":15780,"minecraft:swim_one_cm":17738,"minecraft:fly_one_cm":781308,"minecraft:open_chest":49,"tombstone:undead_killed":54,"minecraft:interact_with_smoker":1,"minecraft:fall_one_cm":221494},"minecraft:used":{"minecraft:moss_block":3,"minecraft:trident":4,"minecraft:moss_carpet":1,"minecraft:stone_sword":133,"minecraft:chest":1,"pneumaticcraft:compressed_iron_helmet":1,"minecraft:torch":90,"minecraft:dirt":23,"twigs:rhyolite":14,"pneumaticcraft:compressed_iron_leggings":1,"minecraft:wooden_axe":123,"minecraft:flowering_azalea":1,"pneumaticcraft:compressed_iron_boots":1,"minecraft:iron_helmet":1,"twilightforest:arctic_chestplate":1,"minecraft:crimson_planks":4,"minecraft:stone_bricks":2,"croptopia:peach":44,"minecraft:bow":13,"ars_nouveau:sourceberry_bush":1,"minecraft:oak_sapling":29,"minecraft:furnace":2,"minecraft:cobbled_deepslate":3,"minecraft:water_bucket":8,"minecraft:stone_pickaxe":133,"pneumaticcraft:compressed_iron_chestplate":1,"minecraft:wooden_pickaxe":59,"artifacts:eternal_steak":14,"minecraft:diamond_axe":437,"croptopia:orange":78,"enderio:dark_steel_sword":333,"minecraft:diamond_pickaxe":8,"minecraft:apple":36,"minecraft:bread":3,"minecraft:iron_pickaxe":148,"minecraft:cobblestone":23,"travelersbackpack:standard":10,"minecraft:bucket":13,"biomesoplenty:fir_log":24,"twigs:azalea_flowers":2},"minecraft:killed":{"irons_spellbooks:summoned_zombie":9,"minecraft:spider":3,"minecraft:phantom":7,"thermal:blizz":1,"minecraft:skeleton":14,"eidolon:wraith":1,"irons_spellbooks:summoned_skeleton":4,"artifacts:mimic":1,"minecraft:husk":2,"irons_spellbooks:necromancer":1,"minecraft:pillager":2,"minecraft:zombie":14,"minecraft:stray":1,"eidolon:zombie_brute":1}},"DataVersion":3465}