{"stats":{"minecraft:mined":{"corn_delight:wild_corn":5,"minecraft:iron_ore":1,"minecraft:torch":1,"minecraft:crafting_table":1,"minecraft:grass":150,"minecraft:coal_ore":81,"minecraft:oak_log":46,"minecraft:dirt":5,"minecraft:tall_grass":26,"minecraft:cobblestone":2,"minecraft:stone":108,"minecraft:wall_torch":1},"minecraft:used":{"minecraft:stone_sword":39,"minecraft:apple":12,"minecraft:stone_pickaxe":133,"minecraft:wooden_pickaxe":59,"minecraft:torch":19,"minecraft:dirt":4,"minecraft:cobblestone":12,"minecraft:crafting_table":2},"minecraft:broken":{"minecraft:stone_pickaxe":1,"minecraft:wooden_pickaxe":1},"minecraft:killed":{"eidolon:wraith":2,"minecraft:zombie":2,"minecraft:spider":1},"minecraft:picked_up":{"occultism:datura_seeds":7,"minecraft:raw_iron":1,"minecraft:crafting_table":1,"sushigocrafting:rice_seeds":4,"croptopia:peach":30,"thermal:strawberry_seeds":1,"minecraft:torch":2,"sushigocrafting:cucumber_seeds":3,"minecraft:oak_log":46,"thermal:green_bean_seeds":2,"sushigocrafting:soy_seeds":1,"thermal:onion_seeds":1,"minecraft:string":2,"minecraft:dirt":5,"thermal:rice_seeds":1,"eidolon:tattered_cloth":1,"corn_delight:corn_seeds":5,"sushigocrafting:wasabi_seeds":1,"minecraft:rotten_flesh":3,"minecraft:apple":38,"immersiveengineering:seed":23,"mysticalagriculture:inferium_essence":2,"minecraft:wheat_seeds":3,"delightful:acorn":3,"croptopia:orange":13,"thermal:eggplant_seeds":1,"minecraft:oak_sapling":15,"twigs:twig":12,"delightful:green_tea_leaf":1,"minecraft:coal":65,"minecraft:cobblestone":110},"minecraft:crafted":{"minecraft:oak_planks":16,"minecraft:crafting_table":1,"minecraft:stick":22,"minecraft:wooden_pickaxe":1,"minecraft:stone_pickaxe":2,"minecraft:stone_sword":1,"minecraft:torch":56,"minecraft:air":3},"minecraft:custom":{"minecraft:time_since_rest":22568,"minecraft:sprint_one_cm":28444,"minecraft:damage_taken":400,"minecraft:walk_one_cm":41262,"minecraft:mob_kills":5,"minecraft:drop":1,"minecraft:damage_dealt":1505,"minecraft:interact_with_crafting_table":6,"minecraft:fly_one_cm":35459,"minecraft:crouch_one_cm":537,"minecraft:play_time":22568,"tombstone:undead_killed":4,"minecraft:sneak_time":274,"minecraft:damage_dealt_resisted":0,"minecraft:jump":248,"minecraft:leave_game":1,"minecraft:time_since_death":22568,"minecraft:total_world_time":22568,"minecraft:fall_one_cm":7047},"minecraft:dropped":{"minecraft:rotten_flesh":3}},"DataVersion":3465}