{"stats":{"minecraft:used":{"minecraft:big_dripleaf":5,"enderio:dark_steel_sword":33,"minecraft:moss_block":3,"minecraft:iron_axe":6,"minecraft:bread":1,"tombstone:magic_scroll":1,"minecraft:iron_helmet":1,"minecraft:rotten_flesh":2,"minecraft:glow_berries":34,"minecraft:dirt":1,"ars_nouveau:sourceberry_bush":10,"tombstone:gift":2},"minecraft:dropped":{"minecraft:iron_ingot":2,"minecraft:gunpowder":9,"aether:chainmail_gloves":1,"tombstone:grave_key":1,"enderio:dark_steel_sword":1,"pneumaticcraft:programming_puzzle":7,"irons_spellbooks:arcane_essence":5,"immersiveengineering:seed":1,"minecraft:pumpkin_seeds":2,"minecraft:leather_helmet":1},"minecraft:mined":{"minecraft:big_dripleaf_stem":1,"minecraft:clay":1,"minecraft:cave_vines_plant":9,"minecraft:cave_vines":20,"minecraft:dirt":1,"minecraft:small_dripleaf":1,"minecraft:tall_grass":1,"ars_nouveau:sourceberry_bush":1,"minecraft:moss_block":3,"minecraft:big_dripleaf":1},"minecraft:killed_by":{"minecraft:skeleton":1},"minecraft:killed":{"minecraft:axolotl":1},"minecraft:picked_up":{"pneumaticcraft:programming_puzzle":14,"minecraft:big_dripleaf":5,"pneumaticcraft:ingot_iron_compressed":4,"ars_nouveau:wilden_wing":2,"minecraft:gunpowder":18,"ars_nouveau:wilden_horn":3,"minecraft:dirt":1,"minecraft:leather_helmet":1,"minecraft:pumpkin_seeds":5,"crafting_on_a_stick:crafting_table":1,"pneumaticcraft:pneumatic_cylinder":2,"thermal:peanut_seeds":1,"pneumaticcraft:compressed_stone":7,"minecraft:bone":1,"immersiveengineering:seed":1,"irons_spellbooks:arcane_essence":10,"aether:chainmail_gloves":2,"minecraft:iron_helmet":1,"enderio:wood_gear":1,"minecraft:iron_ingot":2,"minecraft:bread":1,"farmersdelight:rope":21,"enderio:dark_steel_sword":1,"minecraft:moss_block":3,"minecraft:glow_berries":22},"minecraft:custom":{"minecraft:time_since_rest":37226,"lootr:looted_stat":10,"minecraft:sprint_one_cm":22576,"minecraft:damage_taken":962,"minecraft:walk_one_cm":55903,"minecraft:mob_kills":1,"minecraft:drop":29,"minecraft:damage_dealt":219,"minecraft:fly_one_cm":14506,"minecraft:crouch_one_cm":527,"minecraft:play_time":58823,"minecraft:deaths":1,"minecraft:sneak_time":103,"minecraft:walk_under_water_one_cm":3455,"minecraft:jump":220,"minecraft:leave_game":3,"minecraft:walk_on_water_one_cm":11366,"minecraft:time_since_death":38357,"minecraft:climb_one_cm":79,"minecraft:total_world_time":58823,"minecraft:interact_with_smoker":1,"minecraft:fall_one_cm":7010}},"DataVersion":3465}