{"stats":{"minecraft:crafted":{"artifacts:eternal_steak":1,"minecraft:oak_planks":8,"minecraft:raw_iron":3,"minecraft:furnace":3,"minecraft:stone_pickaxe":2,"minecraft:chest":5,"minecraft:crafting_table":3,"crafting_on_a_stick:crafting_table":2,"minecraft:bucket":2,"minecraft:birch_planks":4,"minecraft:stone_axe":1,"minecraft:air":194,"biomesoplenty:fir_planks":18,"minecraft:oak_boat":1,"minecraft:stick":2,"minecraft:iron_ingot":135,"minecraft:iron_pickaxe":1,"minecraft:stone_sword":1,"minecraft:torch":5},"minecraft:mined":{"minecraft:tuff":4,"minecraft:white_bed":3,"quark:shale":3,"minecraft:deepslate_diamond_ore":32,"botania:black_mushroom":2,"minecraft:grass_block":73,"minecraft:spruce_leaves":7,"minecraft:moss_block":8,"minecraft:hay_block":5,"forbidden_arcanus:deepslate_arcane_crystal_ore":1,"minecraft:furnace":5,"minecraft:iron_ore":35,"minecraft:moss_carpet":1,"evilcraft:dark_ore":2,"minecraft:anvil":2,"minecraft:deepslate_iron_ore":4,"quark:limestone":13,"occultism:otherworld_leaves_natural":2,"minecraft:azalea":1,"minecraft:stone":127,"railcraft:quarried_stone":5,"minecraft:cyan_terracotta":5,"minecraft:deepslate_brick_wall":1,"minecraft:clay":2,"minecraft:crafting_table":2,"minecraft:torch":3,"biomesoplenty:fir_planks":1,"minecraft:rose_bush":1,"minecraft:tall_grass":7,"minecraft:copper_ore":2,"minecraft:grindstone":1,"minecraft:wall_torch":6,"minecraft:big_dripleaf":1,"minecraft:coarse_dirt":10,"forbidden_arcanus:xpetrified_ore":4,"minecraft:spruce_log":3,"biomesoplenty:fir_log":285,"minecraft:grass":23,"minecraft:oak_log":8,"minecraft:coal_ore":24,"minecraft:dirt":8,"minecraft:oak_leaves":2,"minecraft:deepslate":177},"minecraft:picked_up":{"minecraft:crafting_table":3,"minecraft:coarse_dirt":10,"pneumaticcraft:programming_puzzle":7,"artifacts:night_vision_goggles":1,"minecraft:clay_ball":12,"minecraft:anvil":2,"minecraft:lead":2,"forbidden_arcanus:xpetrified_orb":4,"minecraft:string":1,"minecraft:moss_carpet":4,"minecraft:raw_copper":6,"minecraft:zombie_head":1,"irons_spellbooks:arcane_essence":9,"mysticalagriculture:inferium_essence":3,"minecraft:cobbled_deepslate":265,"minecraft:beef":3,"minecraft:oak_boat":1,"minecraft:azalea":1,"minecraft:furnace":5,"railcraft:quarried_stone":5,"minecraft:egg":1,"minecraft:raw_iron":136,"minecraft:deepslate_brick_wall":1,"minecraft:big_dripleaf":2,"minecraft:torch":9,"botania:black_mushroom":2,"artifacts:everlasting_beef":1,"minecraft:arrow":3,"minecraft:rotten_flesh":13,"aether:chainmail_gloves":2,"minecraft:hay_block":5,"minecraft:cyan_terracotta":5,"farmersdelight:rope":21,"minecraft:glow_berries":1,"minecraft:cobblestone":127,"minecraft:birch_log":2,"minecraft:air":0,"sushigocrafting:rice_seeds":1,"pneumaticcraft:compressed_iron_boots":1,"minecraft:leather":5,"biomesoplenty:fir_sapling":2,"biomesoplenty:fir_log":285,"ars_nouveau:wilden_wing":2,"minecraft:tuff":4,"minecraft:oak_log":8,"minecraft:gunpowder":9,"quark:limestone":13,"minecraft:dirt":80,"bhc:red_heart":1,"pneumaticcraft:pneumatic_cylinder":2,"minecraft:bone":1,"minecraft:wheat_seeds":1,"minecraft:grindstone":1,"enderio:wood_gear":1,"minecraft:iron_ingot":2,"minecraft:moss_block":7,"twigs:twig":1,"botania:gray_mystical_flower":1,"minecraft:sweet_berries":2,"quark:shale":3,"minecraft:raw_iron_block":3,"pneumaticcraft:ingot_iron_compressed":4,"minecraft:white_bed":3,"minecraft:spruce_log":3,"minecraft:barrel":1,"forbidden_arcanus:arcane_crystal":1,"minecraft:pumpkin_seeds":3,"immersiveengineering:seed":11,"minecraft:diamond":32,"waystones:waystone":2,"minecraft:iron_helmet":1,"evilcraft:dark_gem":10,"croptopia:orange":13,"naturescompass:naturescompass":1,"minecraft:coal":65},"minecraft:broken":{"minecraft:wooden_pickaxe":1,"minecraft:stone_pickaxe":1,"minecraft:iron_pickaxe":1},"minecraft:dropped":{"minecraft:iron_ingot":2,"minecraft:bread":3,"minecraft:cooked_beef":8,"enderio:wood_gear":1,"minecraft:iron_helmet":2,"croptopia:orange":13,"pneumaticcraft:programming_puzzle":7,"minecraft:apple":1,"irons_spellbooks:arcane_essence":5,"minecraft:birch_log":2,"twigs:twig":1,"ars_nouveau:wilden_wing":2,"pneumaticcraft:pneumatic_cylinder":2,"minecraft:moss_carpet":1,"sophisticatedbackpacks:backpack":1,"pneumaticcraft:ingot_iron_compressed":4,"artifacts:everlasting_beef":1,"minecraft:pumpkin_seeds":3,"minecraft:big_dripleaf":1,"crafting_on_a_stick:crafting_table":1,"minecraft:gunpowder":9,"aether:chainmail_gloves":2,"farmersdelight:rope":21,"minecraft:beef":3,"immersiveengineering:seed":1,"artifacts:snowshoes":1},"minecraft:killed_by":{"artifacts:mimic":1,"minecraft:zombie":1},"minecraft:custom":{"lootr:looted_stat":46,"minecraft:mob_kills":19,"minecraft:interact_with_crafting_table":6,"minecraft:open_barrel":11,"minecraft:damage_dealt_resisted":0,"minecraft:leave_game":6,"minecraft:time_since_death":0,"minecraft:climb_one_cm":5209,"minecraft:damage_resisted":0,"minecraft:sprint_one_cm":363564,"minecraft:walk_one_cm":297373,"minecraft:drop":31,"minecraft:talked_to_villager":12,"minecraft:play_time":171287,"minecraft:deaths":3,"minecraft:sneak_time":3669,"minecraft:walk_under_water_one_cm":7550,"minecraft:boat_one_cm":104896,"minecraft:jump":3880,"minecraft:walk_on_water_one_cm":33358,"minecraft:total_world_time":171287,"minecraft:interact_with_furnace":39,"minecraft:sleep_in_bed":3,"minecraft:time_since_rest":3802,"minecraft:waystone_activated":2,"minecraft:damage_taken":5049,"minecraft:damage_dealt":4297,"minecraft:swim_one_cm":44717,"minecraft:fly_one_cm":738934,"minecraft:open_chest":50,"minecraft:crouch_one_cm":10125,"tombstone:undead_killed":13,"minecraft:fall_one_cm":133709},"minecraft:used":{"minecraft:azalea":1,"minecraft:moss_block":7,"minecraft:moss_carpet":3,"minecraft:stone_sword":2,"minecraft:chest":5,"pneumaticcraft:compressed_iron_helmet":1,"minecraft:torch":23,"minecraft:dirt":80,"pneumaticcraft:compressed_iron_leggings":1,"minecraft:tuff":4,"botania:black_mushroom":2,"minecraft:big_dripleaf":1,"quark:limestone":13,"minecraft:cyan_terracotta":5,"pneumaticcraft:compressed_iron_boots":1,"minecraft:iron_axe":290,"minecraft:iron_helmet":2,"minecraft:barrel":1,"minecraft:sweet_berries":5,"minecraft:furnace":8,"tombstone:gift":3,"minecraft:egg":1,"minecraft:cobbled_deepslate":74,"minecraft:deepslate_brick_wall":1,"botania:gray_mystical_flower":1,"minecraft:stone_pickaxe":140,"pneumaticcraft:compressed_iron_chestplate":1,"minecraft:wooden_pickaxe":59,"artifacts:eternal_steak":42,"biomesoplenty:fir_planks":1,"minecraft:glow_berries":1,"minecraft:crafting_table":4,"railcraft:quarried_stone":5,"minecraft:white_bed":2,"enderio:dark_steel_sword":86,"waystones:waystone":1,"minecraft:zombie_head":1,"minecraft:bread":1,"minecraft:iron_pickaxe":267,"minecraft:stone_axe":17,"minecraft:cobblestone":43,"minecraft:bucket":2,"minecraft:oak_boat":2,"minecraft:coarse_dirt":10},"minecraft:killed":{"minecraft:spider":1,"minecraft:skeleton":2,"eidolon:wraith":1,"irons_spellbooks:necromancer":2,"minecraft:trader_llama":1,"minecraft:zombie":7,"eidolon:zombie_brute":1,"minecraft:cow":3}},"DataVersion":3465}